exposure_grid_id,exposure_source,exposure_source_version,exposure_defined_independently_of_gate,system_id,site_id,camera_or_sensor_id,recording_day,recording_block_id,window_id,window_start,window_end,exposure_seconds,development_or_heldout,primary_stream_expected,primary_stream_available,acquisition_status,pregate_evidence_version,gate_evaluable,registered_deviation,gate_type,gate_version,gate_configuration_id,gate_threshold,gate_inputs_complete,record_entry_present,entry_policy_version,entry_policy_type,entry_policy_inputs_complete,target_truth,target_truth_source,target_event_definition_version,truth_sampled,truth_sampling_design_version,truth_sampling_stratum,truth_inclusion_probability,truth_sampling_weight,annotator_blinded_to_gate,annotator_blinded_to_entry,annotator_blinded_to_scores,threshold_absorbed_event,shadow_event
grid-v3,continuous_reference_stream,ref-v3,true,A,S1,C1,2026-09-01,B1,w1,2026-09-01T09:00:00,2026-09-01T09:00:10,10,development,true,true,available,v3,true,false,scalar,g3,cfg3,0.50,true,false,entry-v3,hybrid,true,positive,reference_camera,event-v3,true,pilot-v3,gate_shadow,0.5,2,true,true,true,true,true
grid-v3,continuous_reference_stream,ref-v3,true,A,S1,C1,2026-09-01,B1,w2,2026-09-01T09:00:10,2026-09-01T09:00:20,10,development,true,false,hardware_failure,v3,false,,scalar,g3,cfg3,0.50,false,false,entry-v3,hybrid,false,positive,reference_camera,event-v3,true,pilot-v3,acquisition_shadow,1,1,true,true,true,,true
grid-v3,continuous_reference_stream,ref-v3,true,A,S1,C1,2026-09-01,B1,w3,2026-09-01T09:00:20,2026-09-01T09:00:30,10,development,false,false,planned_not_acquired,v3,false,,scalar,g3,cfg3,0.50,false,false,entry-v3,hybrid,false,unresolved,reference_camera,event-v3,true,pilot-v3,planned_nonacquisition_shadow,1,1,true,true,true,,
grid-v3,continuous_reference_stream,ref-v3,true,A,S2,C2,2026-09-02,B2,w4,2026-09-02T10:00:00,2026-09-02T10:00:10,10,heldout,true,true,available,v3,false,,scalar,g3,cfg3,0.50,false,false,entry-v3,hybrid,true,negative,reference_camera,event-v3,true,pilot-v3,gate_unevaluable,1,1,true,true,true,,false
grid-v3,continuous_reference_stream,ref-v3,true,A,S2,C2,2026-09-02,B2,w5,2026-09-02T10:00:10,2026-09-02T10:00:20,10,heldout,true,true,available,v3,true,true,scalar,g3,cfg3,0.50,true,true,entry-v3,hybrid,true,positive,reference_camera,event-v3,true,pilot-v3,deviation_entered,1,1,true,true,true,false,false
grid-v3,continuous_reference_stream,ref-v3,true,A,S3,C3,2026-09-03,B3,w6,2026-09-03T08:00:00,2026-09-03T08:00:10,10,heldout,true,true,available,v3,true,false,scalar,g3,cfg3,0.50,true,false,entry-v3,hybrid,true,unresolved,reference_camera,event-v3,true,pilot-v3,gate_shadow_unresolved,1,1,true,true,true,,
grid-v3,continuous_reference_stream,ref-v3,true,A,S3,C3,2026-09-03,B3,w7,2026-09-03T08:00:10,2026-09-03T08:00:20,10,heldout,true,true,available,v3,true,false,scalar,g3,cfg3,0.50,true,false,entry-v3,hybrid,true,negative,reference_camera,event-v3,true,pilot-v3,gate_shadow,1,1,true,true,true,false,false
grid-v3,continuous_reference_stream,ref-v3,true,A,S4,C4,2026-09-04,B4,w8,2026-09-04T07:00:00,2026-09-04T07:00:10,10,heldout,true,true,available,v3,true,true,scalar,g3,cfg3,0.50,true,true,entry-v3,hybrid,true,unresolved,reference_camera,event-v3,true,pilot-v3,entered_unresolved,1,1,true,true,true,,
grid-v3,continuous_reference_stream,ref-v3,true,A,S4,C4,2026-09-04,B4,w9,2026-09-04T07:00:10,2026-09-04T07:00:20,10,heldout,true,true,available,v3,false,,scalar,g3,cfg3,0.50,false,false,entry-v3,hybrid,true,unresolved,reference_camera,event-v3,true,pilot-v3,gate_unevaluable_unresolved,1,1,true,true,true,,
